question,answer
Who's katopz?,katopz is Rustacean
katopz คือใคร?,katopz คือ Rustacean คนนึง
What's katopz like the most?, katopz like to coding in Rust
katopz ชอบทำอะไร?,katopz ชอบเขียน code ด้วย Rust
katopz ชอบสีอะไร?,katopz ชอบสี Space Grey
katopz เกิดวันอะไร?,katopz เกิดวันเสาร์
katopz twitter account คืออะไร?,https://twitter.com/katopz
katopz สูงเท่าไหร่?,katopz สูง 173 cm
katopz หนักเท่าไหร่?,katopz หนัก 81.5 kg
katopz อยู่ที่ไหน?,katopz อยู่กรุงเทพ
Who's katopz?,katopz is Rustacean
katopz คือใคร?,katopz คือ Rustacean คนนึง
What's katopz like the most?, katopz like to coding in Rust
katopz ชอบทำอะไร?,katopz ชอบเขียน code ด้วย Rust
katopz ชอบสีอะไร?,katopz ชอบสี Space Grey
katopz เกิดวันอะไร?,katopz เกิดวันเสาร์
katopz twitter account คืออะไร?,https://twitter.com/katopz
katopz สูงเท่าไหร่?,katopz สูง 173 cm
katopz หนักเท่าไหร่?,katopz หนัก 81.5 kg
katopz อยู่ที่ไหน?,katopz อยู่กรุงเทพ
Who's katopz?,katopz is Rustacean
katopz คือใคร?,katopz คือ Rustacean คนนึง
What's katopz like the most?, katopz like to coding in Rust
katopz ชอบทำอะไร?,katopz ชอบเขียน code ด้วย Rust
katopz ชอบสีอะไร?,katopz ชอบสี Space Grey
katopz เกิดวันอะไร?,katopz เกิดวันเสาร์
katopz twitter account คืออะไร?,https://twitter.com/katopz
katopz สูงเท่าไหร่?,katopz สูง 173 cm
katopz หนักเท่าไหร่?,katopz หนัก 81.5 kg
katopz อยู่ที่ไหน?,katopz อยู่กรุงเทพ
Who's katopz?,katopz is Rustacean
katopz คือใคร?,katopz คือ Rustacean คนนึง
What's katopz like the most?, katopz like to coding in Rust
katopz ชอบทำอะไร?,katopz ชอบเขียน code ด้วย Rust
katopz ชอบสีอะไร?,katopz ชอบสี Space Grey
katopz เกิดวันอะไร?,katopz เกิดวันเสาร์
katopz twitter account คืออะไร?,https://twitter.com/katopz
katopz สูงเท่าไหร่?,katopz สูง 173 cm
katopz หนักเท่าไหร่?,katopz หนัก 81.5 kg
katopz อยู่ที่ไหน?,katopz อยู่กรุงเทพ
Who's katopz?,katopz is Rustacean
katopz คือใคร?,katopz คือ Rustacean คนนึง
What's katopz like the most?, katopz like to coding in Rust
katopz ชอบทำอะไร?,katopz ชอบเขียน code ด้วย Rust
katopz ชอบสีอะไร?,katopz ชอบสี Space Grey
katopz เกิดวันอะไร?,katopz เกิดวันเสาร์
katopz twitter account คืออะไร?,https://twitter.com/katopz
katopz สูงเท่าไหร่?,katopz สูง 173 cm
katopz หนักเท่าไหร่?,katopz หนัก 81.5 kg
katopz อยู่ที่ไหน?,katopz อยู่กรุงเทพ
Who's katopz?,katopz is Rustacean
katopz คือใคร?,katopz คือ Rustacean คนนึง
What's katopz like the most?, katopz like to coding in Rust
katopz ชอบทำอะไร?,katopz ชอบเขียน code ด้วย Rust
katopz ชอบสีอะไร?,katopz ชอบสี Space Grey
katopz เกิดวันอะไร?,katopz เกิดวันเสาร์
katopz twitter account คืออะไร?,https://twitter.com/katopz
katopz สูงเท่าไหร่?,katopz สูง 173 cm
katopz หนักเท่าไหร่?,katopz หนัก 81.5 kg
katopz อยู่ที่ไหน?,katopz อยู่กรุงเทพ
Who's katopz?,katopz is Rustacean
katopz คือใคร?,katopz คือ Rustacean คนนึง
What's katopz like the most?, katopz like to coding in Rust
katopz ชอบทำอะไร?,katopz ชอบเขียน code ด้วย Rust
katopz ชอบสีอะไร?,katopz ชอบสี Space Grey
katopz เกิดวันอะไร?,katopz เกิดวันเสาร์
katopz twitter account คืออะไร?,https://twitter.com/katopz
katopz สูงเท่าไหร่?,katopz สูง 173 cm
katopz หนักเท่าไหร่?,katopz หนัก 81.5 kg
katopz อยู่ที่ไหน?,katopz อยู่กรุงเทพ
Who's katopz?,katopz is Rustacean
katopz คือใคร?,katopz คือ Rustacean คนนึง
What's katopz like the most?, katopz like to coding in Rust
katopz ชอบทำอะไร?,katopz ชอบเขียน code ด้วย Rust
katopz ชอบสีอะไร?,katopz ชอบสี Space Grey
katopz เกิดวันอะไร?,katopz เกิดวันเสาร์
katopz twitter account คืออะไร?,https://twitter.com/katopz
katopz สูงเท่าไหร่?,katopz สูง 173 cm
katopz หนักเท่าไหร่?,katopz หนัก 81.5 kg
katopz อยู่ที่ไหน?,katopz อยู่กรุงเทพ
Who's katopz?,katopz is Rustacean
katopz คือใคร?,katopz คือ Rustacean คนนึง
What's katopz like the most?, katopz like to coding in Rust
katopz ชอบทำอะไร?,katopz ชอบเขียน code ด้วย Rust
katopz ชอบสีอะไร?,katopz ชอบสี Space Grey
katopz เกิดวันอะไร?,katopz เกิดวันเสาร์
katopz twitter account คืออะไร?,https://twitter.com/katopz
katopz สูงเท่าไหร่?,katopz สูง 173 cm
katopz หนักเท่าไหร่?,katopz หนัก 81.5 kg
katopz อยู่ที่ไหน?,katopz อยู่กรุงเทพ
Who's katopz?,katopz is Rustacean
katopz คือใคร?,katopz คือ Rustacean คนนึง
What's katopz like the most?, katopz like to coding in Rust
katopz ชอบทำอะไร?,katopz ชอบเขียน code ด้วย Rust
katopz ชอบสีอะไร?,katopz ชอบสี Space Grey
katopz เกิดวันอะไร?,katopz เกิดวันเสาร์
katopz twitter account คืออะไร?,https://twitter.com/katopz
katopz สูงเท่าไหร่?,katopz สูง 173 cm
katopz หนักเท่าไหร่?,katopz หนัก 81.5 kg
katopz อยู่ที่ไหน?,katopz อยู่กรุงเทพ
Who's katopz?,katopz is Rustacean
katopz คือใคร?,katopz คือ Rustacean คนนึง
What's katopz like the most?, katopz like to coding in Rust
katopz ชอบทำอะไร?,katopz ชอบเขียน code ด้วย Rust
katopz ชอบสีอะไร?,katopz ชอบสี Space Grey
katopz เกิดวันอะไร?,katopz เกิดวันเสาร์
katopz twitter account คืออะไร?,https://twitter.com/katopz
katopz สูงเท่าไหร่?,katopz สูง 173 cm
katopz หนักเท่าไหร่?,katopz หนัก 81.5 kg
katopz อยู่ที่ไหน?,katopz อยู่กรุงเทพ
Who's katopz?,katopz is Rustacean
katopz คือใคร?,katopz คือ Rustacean คนนึง
What's katopz like the most?, katopz like to coding in Rust
katopz ชอบทำอะไร?,katopz ชอบเขียน code ด้วย Rust
katopz ชอบสีอะไร?,katopz ชอบสี Space Grey
katopz เกิดวันอะไร?,katopz เกิดวันเสาร์
katopz twitter account คืออะไร?,https://twitter.com/katopz
katopz สูงเท่าไหร่?,katopz สูง 173 cm
katopz หนักเท่าไหร่?,katopz หนัก 81.5 kg
katopz อยู่ที่ไหน?,katopz อยู่กรุงเทพ
Who's katopz?,katopz is Rustacean
katopz คือใคร?,katopz คือ Rustacean คนนึง
What's katopz like the most?, katopz like to coding in Rust
katopz ชอบทำอะไร?,katopz ชอบเขียน code ด้วย Rust
katopz ชอบสีอะไร?,katopz ชอบสี Space Grey
katopz เกิดวันอะไร?,katopz เกิดวันเสาร์
katopz twitter account คืออะไร?,https://twitter.com/katopz
katopz สูงเท่าไหร่?,katopz สูง 173 cm
katopz หนักเท่าไหร่?,katopz หนัก 81.5 kg
katopz อยู่ที่ไหน?,katopz อยู่กรุงเทพ
Who's katopz?,katopz is Rustacean
katopz คือใคร?,katopz คือ Rustacean คนนึง
What's katopz like the most?, katopz like to coding in Rust
katopz ชอบทำอะไร?,katopz ชอบเขียน code ด้วย Rust
katopz ชอบสีอะไร?,katopz ชอบสี Space Grey
katopz เกิดวันอะไร?,katopz เกิดวันเสาร์
katopz twitter account คืออะไร?,https://twitter.com/katopz
katopz สูงเท่าไหร่?,katopz สูง 173 cm
katopz หนักเท่าไหร่?,katopz หนัก 81.5 kg
katopz อยู่ที่ไหน?,katopz อยู่กรุงเทพ
Who's katopz?,katopz is Rustacean
katopz คือใคร?,katopz คือ Rustacean คนนึง
What's katopz like the most?, katopz like to coding in Rust
katopz ชอบทำอะไร?,katopz ชอบเขียน code ด้วย Rust
katopz ชอบสีอะไร?,katopz ชอบสี Space Grey
katopz เกิดวันอะไร?,katopz เกิดวันเสาร์
katopz twitter account คืออะไร?,https://twitter.com/katopz
katopz สูงเท่าไหร่?,katopz สูง 173 cm
katopz หนักเท่าไหร่?,katopz หนัก 81.5 kg
katopz อยู่ที่ไหน?,katopz อยู่กรุงเทพ
Who's katopz?,katopz is Rustacean
katopz คือใคร?,katopz คือ Rustacean คนนึง
What's katopz like the most?, katopz like to coding in Rust
katopz ชอบทำอะไร?,katopz ชอบเขียน code ด้วย Rust
katopz ชอบสีอะไร?,katopz ชอบสี Space Grey
katopz เกิดวันอะไร?,katopz เกิดวันเสาร์
katopz twitter account คืออะไร?,https://twitter.com/katopz
katopz สูงเท่าไหร่?,katopz สูง 173 cm
katopz หนักเท่าไหร่?,katopz หนัก 81.5 kg
katopz อยู่ที่ไหน?,katopz อยู่กรุงเทพ
Who's katopz?,katopz is Rustacean
katopz คือใคร?,katopz คือ Rustacean คนนึง
What's katopz like the most?, katopz like to coding in Rust
katopz ชอบทำอะไร?,katopz ชอบเขียน code ด้วย Rust
katopz ชอบสีอะไร?,katopz ชอบสี Space Grey
katopz เกิดวันอะไร?,katopz เกิดวันเสาร์
katopz twitter account คืออะไร?,https://twitter.com/katopz
katopz สูงเท่าไหร่?,katopz สูง 173 cm
katopz หนักเท่าไหร่?,katopz หนัก 81.5 kg
katopz อยู่ที่ไหน?,katopz อยู่กรุงเทพ
Who's katopz?,katopz is Rustacean
katopz คือใคร?,katopz คือ Rustacean คนนึง
What's katopz like the most?, katopz like to coding in Rust
katopz ชอบทำอะไร?,katopz ชอบเขียน code ด้วย Rust
katopz ชอบสีอะไร?,katopz ชอบสี Space Grey
katopz เกิดวันอะไร?,katopz เกิดวันเสาร์
katopz twitter account คืออะไร?,https://twitter.com/katopz
katopz สูงเท่าไหร่?,katopz สูง 173 cm
katopz หนักเท่าไหร่?,katopz หนัก 81.5 kg
katopz อยู่ที่ไหน?,katopz อยู่กรุงเทพ
Who's katopz?,katopz is Rustacean
katopz คือใคร?,katopz คือ Rustacean คนนึง
What's katopz like the most?, katopz like to coding in Rust
katopz ชอบทำอะไร?,katopz ชอบเขียน code ด้วย Rust
katopz ชอบสีอะไร?,katopz ชอบสี Space Grey
katopz เกิดวันอะไร?,katopz เกิดวันเสาร์
katopz twitter account คืออะไร?,https://twitter.com/katopz
katopz สูงเท่าไหร่?,katopz สูง 173 cm
katopz หนักเท่าไหร่?,katopz หนัก 81.5 kg
katopz อยู่ที่ไหน?,katopz อยู่กรุงเทพ
Who's katopz?,katopz is Rustacean
katopz คือใคร?,katopz คือ Rustacean คนนึง
What's katopz like the most?, katopz like to coding in Rust
katopz ชอบทำอะไร?,katopz ชอบเขียน code ด้วย Rust
katopz ชอบสีอะไร?,katopz ชอบสี Space Grey
katopz เกิดวันอะไร?,katopz เกิดวันเสาร์
katopz twitter account คืออะไร?,https://twitter.com/katopz
katopz สูงเท่าไหร่?,katopz สูง 173 cm
katopz หนักเท่าไหร่?,katopz หนัก 81.5 kg
katopz อยู่ที่ไหน?,katopz อยู่กรุงเทพ